,Participant,anon_id
0,1060,fm5
1,1061,do1
2,1062,gk4
3,1067,dx3
4,1073,fh1
5,1075,am7
6,1077,ez6
7,1081,fv4
8,1085,cl6
9,1110,em5
10,1118,ba3
11,1147,dh1
12,1150,ei0
13,1152,bi3
14,1153,aw4
15,1155,bs5
16,1156,ao2
17,1158,ds6
18,1159,ct4
19,1160,fe4
20,1162,eq2
21,1163,ds3
22,1164,bm8
23,1165,bh2
24,1166,go4
25,1167,fm9
26,1168,fj2
27,1169,gf0
28,1172,bp4
29,1182,gs0
30,1183,gw1
31,1187,gb6
32,1188,ey8
33,1189,an7
34,1193,cs6
35,1199,cj5
36,1208,ef4
37,1211,ee5
38,1212,do9
39,1214,ab8
40,1247,ef0
41,1254,ar0
42,1260,dh8
43,1263,ez5
44,1285,bw0
45,1293,cv3
46,1295,ex3
47,1299,ed1
48,1305,bx4
49,1325,az6
50,1327,at1
51,1334,gl2
52,1351,eg2
